<?xml version='1.0' encoding='utf-8'?>
<manifest xmlns:ns0="http://www.imsglobal.org/xsd/imscp_v1p1" xmlns:xsi="http://www.w3.org/2001/XMLSchema-instance" xsi:schemaLocation="http://www.imsglobal.org/xsd/imscp_v1p1 imscp_v1p1.xsd http://www.imsglobal.org/xsd/imsqti_v1p2 imsqti_v1p2.xsd" identifier="man00001">
  <organizations/>
  <resources>
    <resource identifier="power_rule_diff_v1" type="imsqti_xmlv1p2" href="question1.xml">
      <file href="question1.xml"/>
      <file href="images/aef2b090.png"/>
      <file href="images/0405bb60.png"/>
      <file href="images/75299c25.png"/>
      <file href="images/eccbc87e.png"/>
      <file href="images/a87ff679.png"/>
    </resource>
  </resources>
</manifest>
