<?xml version='1.0' encoding='utf-8'?>
<ns0:manifest xmlns:ns0="http://www.imsglobal.org/xsd/imscp_v1p1" xmlns:xsi="http://www.w3.org/2001/XMLSchema-instance" xsi:schemaLocation="http://www.imsglobal.org/xsd/imscp_v1p1 imscp_v1p1.xsd">
  <ns0:organizations/>
  <ns0:resources>
    <ns0:resource identifier="power_rule_diff_v1" type="imsqti_item_xmlv1p1" href="question1.xml"/>
    <ns0:resource identifier="image_73882ab1.png" type="image/png" href="images/73882ab1.png"/>
    <ns0:resource identifier="image_73882ab1.png" type="image/png" href="images/73882ab1.png"/>
    <ns0:resource identifier="image_c81e728d.png" type="image/png" href="images/c81e728d.png"/>
    <ns0:resource identifier="image_eccbc87e.png" type="image/png" href="images/eccbc87e.png"/>
    <ns0:resource identifier="image_a87ff679.png" type="image/png" href="images/a87ff679.png"/>
  </ns0:resources>
</ns0:manifest>
