<?xml version='1.0' encoding='utf-8'?>
<item ident="power_rule_diff_v1" title="power_rule_diff_v1">
  <presentation>
    <material>
      <mattext texttype="text/html">Differentiate the function <img src="images/33b77cb4.png" alt="Question Image" /></mattext>
    </material>
    <response_lid ident="response1" rcardinality="Single">
      <render_choice>
        <response_label ident="choice1">
          <material>
            <mattext texttype="text/html"> <img src="images/c4ca4238.png" alt="Choice Image 1" /></mattext>
          </material>
        </response_label>
        <response_label ident="choice2">
          <material>
            <mattext texttype="text/html"> <img src="images/75299c25.png" alt="Choice Image 2" /></mattext>
          </material>
        </response_label>
        <response_label ident="choice3">
          <material>
            <mattext texttype="text/html"> <img src="images/eccbc87e.png" alt="Choice Image 3" /></mattext>
          </material>
        </response_label>
        <response_label ident="choice4">
          <material>
            <mattext texttype="text/html"> <img src="images/a87ff679.png" alt="Choice Image 4" /></mattext>
          </material>
        </response_label>
      </render_choice>
    </response_lid>
  </presentation>
  <resprocessing>
    <outcomes>
      <decvar varname="SCORE" vartype="Decimal" minvalue="0" maxvalue="100" cutvalue="50"/>
    </outcomes>
    <respcondition continue="No">
      <conditionvar>
        <varequal respident="response1">choice1</varequal>
      </conditionvar>
      <setvar action="Set">100</setvar>
      <displayfeedback feedbacktype="Response" linkrefid="correct"/>
    </respcondition>
  </resprocessing>
</item>
