<?xml version='1.0' encoding='utf-8'?>
<item ident="power_rule_diff_v3" title="power_rule_diff_v3">
  <presentation>
    <material>
      <mattext texttype="text/html"><![CDATA[Differentiate the function <img src="images/f77a1616.png" alt="Question Image" />]]></mattext>
    </material>
    <response_lid ident="response1" rcardinality="Single">
      <render_choice>
        <response_label ident="choice1">
          <material>
            <mattext texttype="text/html"><![CDATA[ <img src="images/4a83a923.png" alt="Choice Image 1" />]]></mattext>
          </material>
        </response_label>
        <response_label ident="choice2">
          <material>
            <mattext texttype="text/html"><![CDATA[ <img src="images/3184e51b.png" alt="Choice Image 2" />]]></mattext>
          </material>
        </response_label>
        <response_label ident="choice3">
          <material>
            <mattext texttype="text/html"><![CDATA[ <img src="images/1c1d84fa.png" alt="Choice Image 3" />]]></mattext>
          </material>
        </response_label>
        <response_label ident="choice4">
          <material>
            <mattext texttype="text/html"><![CDATA[ <img src="images/4b62c8c7.png" alt="Choice Image 4" />]]></mattext>
          </material>
        </response_label>
      </render_choice>
    </response_lid>
  </presentation>
  <resprocessing>
    <outcomes>
      <decvar varname="SCORE" vartype="Decimal" minvalue="0" maxvalue="100" cutvalue="50"/>
    </outcomes>
    <respcondition continue="No">
      <conditionvar>
        <varequal respident="response1">choice1</varequal>
      </conditionvar>
      <setvar action="Set">100</setvar>
      <displayfeedback feedbacktype="Response" linkrefid="correct"/>
    </respcondition>
  </resprocessing>
</item>
