<?xml version="1.0" encoding="utf-8"?>
<item ident="power_rule_diff_v4" title="power_rule_diff_v4">
  <presentation>
    <material>
      <mattext texttype="text/html">Differentiate the function <script type="math/tex">f(x) = 3 x^{4}</script>.</mattext>
    </material>
    <response_lid ident="response1" rcardinality="Single">
      <render_choice>
        <response_label ident="choice1">
          <material>
            <mattext texttype="text/html"><script type="math/tex">4 * 3 x^{4-1}</script></mattext>
          </material>
        </response_label>
        <response_label ident="choice2">
          <material>
            <mattext texttype="text/html"><script type="math/tex">3 * 4 x^{4}</script></mattext>
          </material>
        </response_label>
        <response_label ident="choice3">
          <material>
            <mattext texttype="text/html"><script type="math/tex">3 x^{4-1}</script></mattext>
          </material>
        </response_label>
        <response_label ident="choice4">
          <material>
            <mattext texttype="text/html"><script type="math/tex">3 x^{4+1}</script></mattext>
          </material>
        </response_label>
      </render_choice>
    </response_lid>
  </presentation>
  <resprocessing>
    <outcomes>
      <decvar varname="SCORE" vartype="Decimal" minvalue="0" maxvalue="100" cutvalue="50"/>
    </outcomes>
    <respcondition continue="No">
      <conditionvar>
        <varequal respident="response1">choice1</varequal>
      </conditionvar>
      <setvar action="Set">100</setvar>
      <displayfeedback feedbacktype="Response" linkrefid="correct"/>
    </respcondition>
  </resprocessing>
</item>
