<?xml version='1.0' encoding='utf-8'?>
<questestinterop>
  <assessment title="My Quiz">
    <section ident="root_section">
      <item ident="power_rule_diff_v1" title="power_rule_diff_v1">
        <presentation>
          <material>
            <mattext texttype="text/html">Differentiate the function <img src="images/ab905cdb.png" alt="LaTeX Image" /></mattext>
          </material>
          <response_lid ident="response1" rcardinality="Single">
            <render_choice>
              <response_label ident="choice1">
                <material>
                  <mattext texttype="text/html"><img src="images/4b2516aa.png" alt="LaTeX Image" /></mattext>
                </material>
              </response_label>
              <response_label ident="choice2">
                <material>
                  <mattext texttype="text/html">Testing testing <img src="images/75299c25.png" alt="LaTeX Image" /> 123</mattext>
                </material>
              </response_label>
              <response_label ident="choice3">
                <material>
                  <mattext texttype="text/html">3</mattext>
                </material>
              </response_label>
              <response_label ident="choice4">
                <material>
                  <mattext texttype="text/html">Something absurd like <img src="images/e035418e.png" alt="LaTeX Image" /></mattext>
                </material>
              </response_label>
            </render_choice>
          </response_lid>
        </presentation>
        <resprocessing>
          <outcomes>
            <decvar varname="SCORE" vartype="Decimal" minvalue="0" maxvalue="100" cutvalue="50"/>
          </outcomes>
          <respcondition continue="No">
            <conditionvar>
              <varequal respident="response1">choice1</varequal>
            </conditionvar>
            <setvar action="Set">100</setvar>
            <displayfeedback feedbacktype="Response" linkrefid="correct"/>
          </respcondition>
        </resprocessing>
      </item>
    </section>
  </assessment>
</questestinterop>
